card_no	is_active	card_category	network	last_updated
CARD00748  	Y	DB	Meridian Primary	2025-11-15 00:00:00
CARD00383	Y	DB	Meridian Primary	2020-10-11 00:00:00
CARD00536	Y	DB	Meridian Affiliate	2020-07-30 00:00:00
CARD00003	Y	DB	Meridian Direct	2023-05-09 00:00:00
CARD00298	Y	CR	Meridian Primary	2022-11-16 00:00:00
CARD00240	Y	CR	Meridian Primary	2022-10-29 00:00:00
CARD00411	Y	CR	Meridian Primary	2024-06-11 00:00:00
CARD00612	Y	CR	Meridian Direct	2023-07-24 00:00:00
CARD00396	Y	DB	Meridian Affiliate	2025-02-28 00:00:00
CARD00190	Y	DB	Meridian Primary	2023-10-03 00:00:00
CARD00204	N	DB	Meridian Direct	2025-02-11 00:00:00
CARD00535	Y	PP	Meridian Direct	2022-08-31 00:00:00
CARD00310	N	CR	Meridian Primary	2024-07-20 00:00:00
CARD00552	Y	DB	Meridian Direct	2025-12-07 00:00:00
CARD00324 	Y	DB	Meridian Primary	2025-06-08 00:00:00
CARD00272	Y	CR	Meridian Direct	2025-07-23 00:00:00
CARD00540	N	CR	Meridian Primary	2025-11-08 00:00:00
CARD00308	Y	DB	Meridian Primary	2021-05-18 00:00:00
CARD00587	Y	DB	Meridian Primary	2025-08-12 00:00:00
CARD00021	N	DB	Meridian Primary	2022-02-12 00:00:00
CARD00472	Y	DB	Meridian Affiliate	2020-10-22 00:00:00
CARD00603	Y	CR	Meridian Primary	2021-04-08 00:00:00
CARD00320	N	CR	Meridian Primary	2021-04-11 00:00:00
CARD00319	Y	CR	Meridian Primary	2020-01-30 00:00:00
CARD00297	Y	CR	Meridian Direct	2022-02-23 00:00:00
CARD00191	Y	DB	Meridian Primary	2024-01-01 00:00:00
CARD00600	Y	DB	Meridian Primary	2024-03-27 00:00:00
CARD00724	Y	CR	Meridian Direct	2021-09-02 00:00:00
CARD00119	Y	DB	Meridian Direct	2025-09-15 00:00:00
CARD00416	N	CR	Meridian Primary	2023-04-13 00:00:00
CARD00357	Y	CR	Meridian Primary	2022-09-11 00:00:00
CARD00602	Y	CR	Meridian Primary	2025-10-14 00:00:00
CARD00156	Y	CR	Meridian Primary	2025-08-04 00:00:00
 CARD00385 	Y	CR	Meridian Direct	2021-09-09 00:00:00
CARD00163	Y	CR	Meridian Primary	2025-10-11 00:00:00
CARD00483	Y	DB	Meridian Primary	2025-03-10 00:00:00
CARD00098	N	DB	Meridian Primary	2021-06-12 00:00:00
CARD00089	Y	CR	Meridian Primary	2024-10-06 00:00:00
CARD00188  	N	CR	Meridian Primary	2024-05-11 00:00:00
CARD00749	Y	CR	Meridian Affiliate	2024-07-29 00:00:00
CARD00356	Y	DB	Meridian Primary	2021-05-13 00:00:00
CARD00370	Y	CR	Meridian Primary	2022-05-29 00:00:00
CARD00175	Y	CR	Meridian Primary	2021-08-28 00:00:00
CARD00360	Y	CR	Meridian Primary	2025-11-21 00:00:00
CARD00010	Y	CR	Meridian Direct	2025-11-07 00:00:00
CARD00140	Y	DB	Meridian Affiliate	2025-02-03 00:00:00
CARD00455	Y	DB	Meridian Primary	2021-11-01 00:00:00
CARD00114	Y	CR	Meridian Direct	2022-08-12 00:00:00
CARD00005	Y	CR	Meridian Primary	2025-09-29 00:00:00
CARD00543	Y	DB	Meridian Primary	2024-09-05 00:00:00
CARD00325	Y	DB	Meridian Affiliate	2025-07-16 00:00:00
CARD00400	Y	CR	Meridian Direct	2023-04-25 00:00:00
CARD99238	N	CR	Meridian Direct	2025-12-20 00:00:00
CARD00369	N	CR	Meridian Primary	2021-07-16 00:00:00
CARD00144	Y	DB	Meridian Primary	2024-01-18 00:00:00
 CARD00066 	Y	DB	Meridian Primary	2023-01-28 00:00:00
CARD00739	Y	CR	Meridian Primary	2024-05-24 00:00:00
CARD00373	Y	DB	Meridian Primary	2025-10-26 00:00:00
CARD00562	Y	CR	Meridian Primary	2025-05-21 00:00:00
CARD00347	N	DB	Meridian Primary	2025-11-10 00:00:00
CARD00025	Y	CR	Meridian Primary	2023-08-09 00:00:00
CARD00014	Y	PP	Meridian Primary	2022-06-10 00:00:00
CARD00471	N	DB	Meridian Primary	2019-09-18 00:00:00
CARD00351 	N	DB	Meridian Primary	2025-01-25 00:00:00
CARD00789	Y	CR	Meridian Primary	2024-06-20 00:00:00
CARD00103	Y	CR	Meridian Primary	2025-05-27 00:00:00
CARD00449	Y	PP	Meridian Primary	2022-02-23 00:00:00
CARD00714	Y	CR	Meridian Primary	2020-09-25 00:00:00
CARD00408	Y	CR	Meridian Primary	2025-10-11 00:00:00
CARD00105	Y	CR	Meridian Affiliate	2021-03-24 00:00:00
CARD00124	Y	DB	Meridian Primary	2025-11-01 00:00:00
CARD00288	Y	CR	Meridian Primary	2025-10-16 00:00:00
CARD00075	Y	CR	Meridian Direct	2025-07-02 00:00:00
CARD00047	Y	CR	Meridian Primary	2022-09-04 00:00:00
CARD00437	Y	DB	Meridian Primary	2019-09-30 00:00:00
CARD00509	Y	CR	Meridian Affiliate	2023-11-20 00:00:00
CARD00632	Y	CR	Meridian Direct	2025-04-18 00:00:00
CARD99306	Y	PP	Meridian Direct	2025-06-10 00:00:00
CARD00756	N	CR	Meridian Direct	2022-12-24 00:00:00
  CARD00743	Y	DB	Meridian Direct	2022-06-18 00:00:00
CARD00750	Y	DB	Meridian Primary	2024-05-21 00:00:00
CARD00496	Y	CR	Meridian Primary	2025-03-09 00:00:00
CARD00538	Y	DB	Meridian Primary	2025-08-12 00:00:00
CARD00656	Y	PP	Meridian Primary	2025-08-08 00:00:00
CARD00301	Y	CR	Meridian Primary	2024-07-10 00:00:00
CARD00559	Y	CR	Meridian Direct	2024-04-13 00:00:00
CARD00572	Y	CR	Meridian Direct	2025-10-07 00:00:00
CARD00027	Y	CR	Meridian Primary	2021-11-24 00:00:00
CARD00229	Y	CR	Meridian Direct	2024-03-21 00:00:00
CARD00410	N	PP	Meridian Primary	2024-10-17 00:00:00
CARD00716	Y	CR	Meridian Affiliate	2021-07-13 00:00:00
CARD00093	Y	DB	Meridian Direct	2020-10-25 00:00:00
CARD00523	Y	DB	Meridian Affiliate	2025-03-04 00:00:00
CARD00495	Y	DB	Meridian Primary	2022-07-28 00:00:00
CARD00531	Y	DB	Meridian Direct	2024-03-31 00:00:00
CARD00195	Y	CR	Meridian Primary	2025-11-11 00:00:00
CARD00389	Y	CR	Meridian Direct	2023-12-03 00:00:00
CARD00213	Y	PP	Meridian Primary	2022-10-23 00:00:00
CARD00468	Y	CR	Meridian Direct	2021-03-23 00:00:00
CARD00761	Y	CR	Meridian Primary	2025-01-07 00:00:00
CARD00009	Y	CR	Meridian Primary	2021-12-10 00:00:00
CARD00334	Y	CR	Meridian Primary	2025-11-07 00:00:00
CARD00306	Y	CR	Meridian Affiliate	2025-04-13 00:00:00
CARD00781	Y	CR	Meridian Direct	2025-05-27 00:00:00
CARD00112	Y	CR	Meridian Primary	2021-10-29 00:00:00
CARD00127	Y	CR	Meridian Direct	2025-05-21 00:00:00
CARD00533	Y	CR	Meridian Affiliate	2023-12-22 00:00:00
CARD00412	Y	CR	Meridian Affiliate	2022-07-07 00:00:00
CARD00239	Y	CR	Meridian Primary	2023-09-15 00:00:00
CARD00508	Y	DB	Meridian Primary	2021-05-30 00:00:00
CARD00069	Y	DB	Meridian Primary	2025-03-15 00:00:00
CARD00034	Y	CR	Meridian Affiliate	2024-12-19 00:00:00
CARD00650	Y	DB	Meridian Primary	2022-12-07 00:00:00
CARD00553	Y	CR	Meridian Primary	2025-12-28 00:00:00
CARD00744	N	CR	Meridian Primary	2025-02-21 00:00:00
CARD00107	Y	DB	Meridian Primary	2020-10-05 00:00:00
CARD00108	Y	CR	Meridian Direct	2023-04-12 00:00:00
CARD00150	Y	DB	Meridian Primary	2022-03-13 00:00:00
CARD00135	Y	CR	Meridian Affiliate	2021-10-30 00:00:00
CARD00238	Y	DB	Meridian Primary	2023-12-21 00:00:00
CARD00797	Y	CR	Meridian Affiliate	2024-04-20 00:00:00
CARD00196	Y	CR	Meridian Primary	2024-11-04 00:00:00
CARD00753	Y	DB	Meridian Primary	2020-03-23 00:00:00
CARD00723	Y	CR	Meridian Primary	2025-11-20 00:00:00
CARD00340	Y	DB	Meridian Primary	2025-12-29 00:00:00
CARD00110	Y	CR	Meridian Primary	2024-10-18 00:00:00
CARD00113	Y	DB	Meridian Affiliate	2024-10-18 00:00:00
CARD00193	Y	CR	Meridian Affiliate	2025-01-06 00:00:00
CARD00479	Y	CR	Meridian Affiliate	2022-05-15 00:00:00
CARD00040	Y	DB	Meridian Primary	2024-01-20 00:00:00
CARD00647	Y	DB	Meridian Primary	2023-04-23 00:00:00
CARD00176	Y	CR	Meridian Primary	2025-07-05 00:00:00
CARD00359	N	DB	Meridian Affiliate	2024-12-02 00:00:00
  CARD00551	Y	DB	Meridian Primary	2023-10-10 00:00:00
CARD00200	Y	CR	Meridian Direct	2023-12-06 00:00:00
CARD00244	Y	DB	Meridian Primary	2022-12-14 00:00:00
CARD00052	Y	DB	Meridian Direct	2025-10-22 00:00:00
CARD00341	Y	DB	Meridian Primary	2021-09-27 00:00:00
CARD00473	Y	DB	Meridian Primary	2024-01-07 00:00:00
CARD00487	Y	CR	Meridian Primary	2025-06-21 00:00:00
CARD00318	Y	DB	Meridian Primary	2025-11-06 00:00:00
CARD00358	Y	DB	Meridian Primary	2020-08-18 00:00:00
CARD00733	Y	DB	Meridian Primary	2021-03-05 00:00:00
CARD00365	Y	CR	Meridian Affiliate	2025-06-23 00:00:00
CARD00729	Y	DB	Meridian Primary	2024-07-25 00:00:00
CARD00564	Y	DB	Meridian Primary	2023-01-04 00:00:00
  CARD00474	Y	CR	Meridian Direct	2025-12-18 00:00:00
CARD00395	Y	CR	Meridian Primary	2025-12-30 00:00:00
CARD00222	Y	CR	Meridian Primary	2024-09-25 00:00:00
CARD00046	Y	CR	Meridian Primary	2025-02-15 00:00:00
CARD00397	Y	PP	Meridian Direct	2024-01-12 00:00:00
CARD00457	Y	CR	Meridian Primary	2023-10-22 00:00:00
CARD00438	N	CR	Meridian Direct	2023-10-13 00:00:00
 CARD00625 	Y	PP	Meridian Primary	2024-09-27 00:00:00
CARD00199	Y	PP	Meridian Direct	2025-10-26 00:00:00
CARD00352	Y	DB	Meridian Direct	2023-01-18 00:00:00
CARD00292	Y	DB	Meridian Primary	2025-06-19 00:00:00
CARD00328	Y	CR	Meridian Primary	2021-07-14 00:00:00
CARD00088	Y	CR	Meridian Primary	2025-12-13 00:00:00
CARD00456	Y	CR	Meridian Primary	2023-02-07 00:00:00
CARD00116	Y	CR	Meridian Direct	2021-04-20 00:00:00
CARD00619	Y	CR	Meridian Direct	2025-02-06 00:00:00
CARD00423	Y	CR	Meridian Primary	2020-09-03 00:00:00
CARD00715	Y	CR	Meridian Primary	2023-12-04 00:00:00
CARD00402	Y	CR	Meridian Affiliate	2025-07-21 00:00:00
CARD00399	Y	DB	Meridian Direct	2022-01-08 00:00:00
CARD00692	Y	CR	Meridian Primary	2025-11-28 00:00:00
CARD00611	Y	CR	Meridian Primary	2020-11-01 00:00:00
CARD00245	Y	DB	Meridian Primary	2023-06-25 00:00:00
CARD00255	Y	PP	Meridian Primary	2025-05-04 00:00:00
CARD00122	Y	CR	Meridian Direct	2025-04-09 00:00:00
CARD00071	Y	CR	Meridian Direct	2025-12-04 00:00:00
CARD00678	Y	DB	Meridian Primary	2024-12-10 00:00:00
CARD00722	Y	PP	Meridian Primary	2021-03-09 00:00:00
CARD00701	Y	CR	Meridian Primary	2020-10-19 00:00:00
CARD00491  	Y	CR	Meridian Primary	2021-05-27 00:00:00
CARD00413	Y	CR	Meridian Affiliate	2021-05-07 00:00:00
CARD00433	Y	CR	Meridian Primary	2025-08-20 00:00:00
CARD00731	Y	CR	Meridian Primary	2020-12-04 00:00:00
CARD00627	N	CR	Meridian Primary	2025-12-31 00:00:00
CARD00181	Y	CR	Meridian Primary	2020-11-14 00:00:00
CARD00394	Y	DB	Meridian Direct	2021-05-20 00:00:00
CARD00210	Y	CR	Meridian Primary	2023-12-25 00:00:00
CARD00573	Y	DB	Meridian Primary	2025-09-15 00:00:00
CARD00518	N	DB	Meridian Direct	2020-01-25 00:00:00
CARD00231	Y	CR	Meridian Direct	2022-11-28 00:00:00
CARD00520	N	CR	Meridian Primary	2025-08-19 00:00:00
CARD00574	Y	CR	Meridian Primary	2024-11-03 00:00:00
CARD00628	Y	PP	Meridian Direct	2022-02-27 00:00:00
CARD00086	Y	CR	Meridian Primary	2024-04-07 00:00:00
CARD00214	N	CR	Meridian Primary	2022-12-27 00:00:00
CARD00702	N	CR	Meridian Primary	2022-08-08 00:00:00
CARD00405	Y	CR	Meridian Primary	2024-09-26 00:00:00
CARD00594	Y	CR	Meridian Primary	2025-12-07 00:00:00
CARD00800	Y	DB	Meridian Affiliate	2022-01-03 00:00:00
CARD00267	Y	CR	Meridian Direct	2025-09-01 00:00:00
CARD00617	Y	CR	Meridian Primary	2025-08-19 00:00:00
CARD00640	Y	DB	Meridian Primary	2025-03-31 00:00:00
CARD00241 	Y	CR	Meridian Affiliate	2021-09-27 00:00:00
CARD00568	Y	PP	Meridian Primary	2025-09-10 00:00:00
CARD00590	Y	CR	Meridian Primary	2020-05-22 00:00:00
CARD00758	Y	CR	Meridian Primary	2020-06-06 00:00:00
CARD00185	Y	DB	Meridian Primary	2024-04-24 00:00:00
CARD00350	N	DB	Meridian Primary	2021-09-25 00:00:00
CARD00095	N	DB	Meridian Direct	2023-02-01 00:00:00
CARD00501 	N	CR	Meridian Direct	2023-03-12 00:00:00
CARD00777	N	CR	Meridian Primary	2021-05-20 00:00:00
CARD00765	Y	DB	Meridian Primary	2025-06-16 00:00:00
CARD00372	Y	PP	Meridian Primary	2022-12-18 00:00:00
CARD00676	N	DB	Meridian Affiliate	2024-12-12 00:00:00
CARD00353	Y	DB	Meridian Primary	2023-04-03 00:00:00
CARD00575	Y	CR	Meridian Direct	2025-09-29 00:00:00
CARD00796	Y	DB	Meridian Direct	2025-09-23 00:00:00
CARD00672	Y	DB	Meridian Direct	2024-04-15 00:00:00
CARD00074	Y	CR	Meridian Direct	2022-04-16 00:00:00
CARD00458	Y	CR	Meridian Primary	2022-09-22 00:00:00
CARD00332	Y	CR	Meridian Direct	2024-02-14 00:00:00
  CARD00008	Y	PP	Meridian Direct	2024-06-02 00:00:00
CARD00515	N	CR	Meridian Primary	2022-09-20 00:00:00
CARD00780	Y	CR	Meridian Primary	2020-05-29 00:00:00
CARD00610	Y	DB	Meridian Direct	2025-12-04 00:00:00
CARD00376	Y	CR	Meridian Primary	2021-05-09 00:00:00
CARD00155	Y	CR	Meridian Affiliate	2024-03-17 00:00:00
CARD00667	Y	PP	Meridian Primary	2023-08-24 00:00:00
CARD00158	Y	CR	Meridian Direct	2021-01-28 00:00:00
CARD00145	Y	CR	Meridian Primary	2024-12-08 00:00:00
CARD00059	Y	DB	Meridian Primary	2021-11-25 00:00:00
CARD00760	Y	PP	Meridian Direct	2023-05-17 00:00:00
CARD00230	N	DB	Meridian Primary	2022-11-19 00:00:00
CARD00608	Y	DB	Meridian Affiliate	2022-07-26 00:00:00
CARD00522	Y	CR	Meridian Primary	2025-09-18 00:00:00
CARD00349	Y	DB	Meridian Primary	2025-07-04 00:00:00
CARD00420	Y	CR	Meridian Direct	2025-08-06 00:00:00
CARD00326	Y	DB	Meridian Direct	2025-06-18 00:00:00
CARD00211	N	CR	Meridian Primary	2024-07-01 00:00:00
CARD00221	Y	DB	Meridian Primary	2024-06-25 00:00:00
CARD00764	Y	CR	Meridian Direct	2024-05-28 00:00:00
CARD00788	Y	CR	Meridian Primary	2022-09-23 00:00:00
CARD00061	Y	DB	Meridian Primary	2023-11-03 00:00:00
CARD00534	Y	PP	Meridian Primary	2023-08-10 00:00:00
CARD00514	N	DB	Meridian Direct	2025-08-08 00:00:00
CARD00056	Y	CR	Meridian Affiliate	2025-03-24 00:00:00
CARD00450	N	DB	Meridian Primary	2020-02-14 00:00:00
CARD00537	N	CR	Meridian Direct	2025-12-01 00:00:00
CARD00558	Y	CR	Meridian Primary	2024-07-08 00:00:00
CARD00375	Y	DB	Meridian Primary	2022-03-16 00:00:00
CARD00178	Y	CR	Meridian Primary	2021-12-08 00:00:00
CARD00599	N	DB	Meridian Primary	2025-06-20 00:00:00
CARD00279	Y	CR	Meridian Direct	2023-02-27 00:00:00
 CARD00421 	N	PP	Meridian Direct	2021-12-19 00:00:00
CARD00554	Y	DB	Meridian Primary	2025-06-19 00:00:00
CARD00050	Y	DB	Meridian Primary	2024-04-01 00:00:00
CARD00592	N	CR	Meridian Primary	2023-03-16 00:00:00
CARD00680	Y	CR	Meridian Direct	2025-11-23 00:00:00
CARD00170	Y	CR	Meridian Primary	2023-03-26 00:00:00
CARD00434	Y	CR	Meridian Primary	2023-07-24 00:00:00
CARD00740	Y	CR	Meridian Primary	2023-07-06 00:00:00
CARD00718	Y	DB	Meridian Affiliate	2022-10-04 00:00:00
CARD00500	Y	DB	Meridian Affiliate	2025-06-24 00:00:00
CARD00355	Y	DB	Meridian Primary	2019-11-12 00:00:00
CARD00690	Y	CR	Meridian Primary	2022-12-03 00:00:00
CARD00130	Y	CR	Meridian Primary	2025-11-09 00:00:00
CARD00063  	Y	CR	Meridian Direct	2021-03-09 00:00:00
CARD00570	Y	CR	Meridian Primary	2025-07-18 00:00:00
CARD00528	Y	DB	Meridian Primary	2021-08-22 00:00:00
  CARD00795	Y	DB	Meridian Primary	2024-02-11 00:00:00
CARD00791	Y	DB	Meridian Primary	2023-03-11 00:00:00
  CARD00560	Y	DB	Meridian Primary	2022-07-05 00:00:00
CARD00699  	Y	CR	Meridian Direct	2020-07-10 00:00:00
CARD00197	Y	PP	Meridian Direct	2022-05-30 00:00:00
CARD00644	Y	CR	Meridian Primary	2022-01-30 00:00:00
CARD00465	Y	CR	Meridian Affiliate	2021-12-11 00:00:00
CARD00194	Y	DB	Meridian Primary	2025-02-07 00:00:00
CARD00215	Y	DB	Meridian Direct	2023-04-12 00:00:00
CARD00362	Y	CR	Meridian Primary	2021-10-24 00:00:00
CARD00635	Y	CR	Meridian Primary	2023-09-23 00:00:00
CARD00277	Y	CR	Meridian Direct	2022-10-07 00:00:00
CARD00443	N	DB	Meridian Primary	2025-08-19 00:00:00
CARD00629	Y	DB	Meridian Primary	2021-11-03 00:00:00
CARD00023	Y	CR	Meridian Primary	2025-11-16 00:00:00
CARD00198	Y	CR	Meridian Direct	2025-07-31 00:00:00
CARD00317	Y	CR	Meridian Primary	2025-03-18 00:00:00
CARD00398	N	PP	Meridian Primary	2024-05-22 00:00:00
CARD00149	Y	DB	Meridian Direct	2024-09-05 00:00:00
CARD00031	Y	CR	Meridian Primary	2025-05-11 00:00:00
CARD00208	Y	DB	Meridian Primary	2022-01-13 00:00:00
CARD00094	Y	CR	Meridian Primary	2022-07-23 00:00:00
CARD00162	Y	DB	Meridian Primary	2025-11-15 00:00:00
CARD00651	Y	CR	Meridian Primary	2024-09-13 00:00:00
CARD00516	Y	DB	Meridian Primary	2025-08-05 00:00:00
CARD00260	Y	DB	Meridian Primary	2025-09-15 00:00:00
CARD00097	Y	CR	Meridian Primary	2023-06-08 00:00:00
CARD00561	Y	PP	Meridian Direct	2024-03-17 00:00:00
CARD00321	Y	DB	Meridian Direct	2025-01-13 00:00:00
CARD00481	Y	DB	Meridian Primary	2021-07-23 00:00:00
CARD99494	Y	PP	Meridian Primary	2025-10-03 00:00:00
CARD00504	N	CR	Meridian Direct	2022-06-01 00:00:00
CARD00732	Y	DB	Meridian Direct	2023-02-26 00:00:00
CARD00004	Y	DB	Meridian Primary	2024-09-12 00:00:00
CARD00683	Y	CR	Meridian Primary	2025-01-23 00:00:00
CARD00772	Y	CR	Meridian Direct	2025-06-11 00:00:00
CARD00454	N	CR	Meridian Affiliate	2025-12-09 00:00:00
CARD00330	Y	CR	Meridian Primary	2025-05-10 00:00:00
CARD00283	Y	CR	Meridian Primary	2022-06-06 00:00:00
CARD00462	Y	DB	Meridian Primary	2023-04-21 00:00:00
CARD00657	Y	DB	Meridian Primary	2022-07-19 00:00:00
CARD00513	Y	CR	Meridian Affiliate	2020-07-21 00:00:00
CARD00595	Y	CR	Meridian Direct	2023-01-08 00:00:00
CARD00463	Y	CR	Meridian Direct	2024-02-12 00:00:00
CARD00187	Y	DB	Meridian Primary	2021-07-29 00:00:00
CARD00779	Y	DB	Meridian Direct	2022-05-08 00:00:00
CARD00486	Y	CR	Meridian Affiliate	2025-08-24 00:00:00
CARD00223	Y	PP	Meridian Primary	2024-07-22 00:00:00
CARD00790	Y	DB	Meridian Affiliate	2023-01-13 00:00:00
CARD00121	Y	DB	Meridian Direct	2025-07-23 00:00:00
CARD00171	Y	DB	Meridian Primary	2023-07-05 00:00:00
CARD00707	Y	DB	Meridian Primary	2022-12-17 00:00:00
CARD00525	Y	PP	Meridian Direct	2024-11-30 00:00:00
CARD00273	Y	CR	Meridian Direct	2023-05-14 00:00:00
CARD00029	Y	DB	Meridian Primary	2025-10-06 00:00:00
CARD00730	Y	CR	Meridian Primary	2025-11-20 00:00:00
CARD00626	Y	PP	Meridian Primary	2025-06-10 00:00:00
CARD00378	Y	CR	Meridian Primary	2023-08-13 00:00:00
CARD00642	Y	CR	Meridian Primary	2023-12-22 00:00:00
CARD00374	Y	CR	Meridian Direct	2023-03-10 00:00:00
CARD00545	Y	DB	Meridian Primary	2021-11-04 00:00:00
CARD00032	Y	CR	Meridian Affiliate	2021-04-09 00:00:00
CARD00312	Y	CR	Meridian Primary	2025-05-12 00:00:00
CARD00403	Y	CR	Meridian Primary	2023-04-22 00:00:00
CARD00067	Y	CR	Meridian Primary	2020-06-27 00:00:00
CARD00015	N	DB	Meridian Primary	2021-08-14 00:00:00
CARD00022	Y	CR	Meridian Primary	2021-07-18 00:00:00
CARD00335	Y	DB	Meridian Primary	2025-11-17 00:00:00
CARD00541	Y	CR	Meridian Affiliate	2021-12-27 00:00:00
CARD00671	Y	DB	Meridian Primary	2025-04-29 00:00:00
CARD00224	Y	PP	Meridian Primary	2025-08-14 00:00:00
CARD00083	Y	CR	Meridian Primary	2025-12-24 00:00:00
CARD00281	N	DB	Meridian Direct	2022-05-07 00:00:00
CARD00532	Y	DB	Meridian Affiliate	2024-11-21 00:00:00
CARD00783	N	DB	Meridian Primary	2022-09-24 00:00:00
CARD00582	Y	CR	Meridian Affiliate	2024-04-27 00:00:00
CARD00713	Y	PP	Meridian Primary	2025-11-29 00:00:00
CARD00490	Y	CR	Meridian Direct	2025-03-17 00:00:00
CARD00751	Y	PP	Meridian Primary	2025-07-28 00:00:00
CARD00137	N	CR	Meridian Primary	2024-05-08 00:00:00
CARD00166	Y	CR	Meridian Direct	2024-12-12 00:00:00
CARD00585	Y	DB	Meridian Primary	2025-10-21 00:00:00
CARD00711	Y	DB	Meridian Direct	2021-08-24 00:00:00
CARD00087	Y	DB	Meridian Direct	2025-08-19 00:00:00
CARD00615	Y	CR	Meridian Direct	2025-12-23 00:00:00
CARD00719	N	CR	Meridian Primary	2025-12-30 00:00:00
CARD00393	Y	CR	Meridian Primary	2021-04-14 00:00:00
CARD00774	Y	DB	Meridian Primary	2023-07-08 00:00:00
CARD00192	Y	DB	Meridian Direct	2025-01-17 00:00:00
CARD00478	Y	PP	Meridian Primary	2025-05-15 00:00:00
CARD00057	Y	CR	Meridian Primary	2020-10-31 00:00:00
CARD00482	Y	DB	Meridian Direct	2025-09-05 00:00:00
CARD00725	Y	CR	Meridian Primary	2025-10-31 00:00:00
CARD00309	Y	DB	Meridian Direct	2022-02-13 00:00:00
CARD00401	N	DB	Meridian Primary	2025-06-06 00:00:00
CARD00331	Y	DB	Meridian Primary	2022-08-29 00:00:00
CARD00770	Y	CR	Meridian Direct	2024-12-06 00:00:00
CARD00792	Y	PP	Meridian Primary	2025-08-08 00:00:00
CARD00254	Y	DB	Meridian Primary	2020-06-30 00:00:00
CARD00167	Y	DB	Meridian Primary	2020-06-13 00:00:00
CARD00296	Y	CR	Meridian Primary	2025-07-29 00:00:00
CARD00307	Y	CR	Meridian Primary	2020-05-28 00:00:00
CARD00258	Y	CR	Meridian Affiliate	2025-05-07 00:00:00
CARD00712	Y	DB	Meridian Primary	2021-11-20 00:00:00
CARD00252	Y	CR	Meridian Primary	2025-04-20 00:00:00
CARD00488	Y	CR	Meridian Primary	2024-02-26 00:00:00
CARD00316	Y	DB	Meridian Direct	2021-08-27 00:00:00
CARD00697	Y	DB	Meridian Primary	2023-10-20 00:00:00
CARD00367	Y	DB	Meridian Affiliate	2020-12-30 00:00:00
CARD00670	Y	DB	Meridian Primary	2024-11-27 00:00:00
CARD00064	Y	CR	Meridian Primary	2023-01-23 00:00:00
CARD00406	Y	DB	Meridian Direct	2021-11-22 00:00:00
CARD00268	Y	CR	Meridian Direct	2025-10-19 00:00:00
CARD99960	Y	PP	Meridian Primary	2025-01-01 00:00:00
CARD99537	N	CR	Meridian Direct	2025-06-04 00:00:00
CARD00618	N	CR	Meridian Primary	2024-07-16 00:00:00
CARD00688	Y	DB	Meridian Primary	2025-09-18 00:00:00
CARD00164	Y	CR	Meridian Primary	2025-08-11 00:00:00
CARD00343	Y	DB	Meridian Primary	2021-06-18 00:00:00
CARD00448	Y	CR	Meridian Direct	2025-11-14 00:00:00
CARD00668	Y	CR	Meridian Primary	2025-12-04 00:00:00
CARD00152	N	DB	Meridian Primary	2021-11-12 00:00:00
CARD00007	Y	PP	Meridian Primary	2021-02-25 00:00:00
CARD00128	Y	CR	Meridian Direct	2025-08-08 00:00:00
CARD00257	Y	DB	Meridian Affiliate	2023-09-02 00:00:00
CARD00030	Y	CR	Meridian Primary	2023-09-16 00:00:00
CARD00621	Y	CR	Meridian Affiliate	2023-12-20 00:00:00
CARD00767	Y	DB	Meridian Direct	2020-06-14 00:00:00
CARD00217	Y	CR	Meridian Primary	2025-12-06 00:00:00
CARD00636	Y	CR	Meridian Primary	2023-10-30 00:00:00
CARD00299	Y	DB	Meridian Primary	2025-03-05 00:00:00
CARD00361	Y	DB	Meridian Primary	2019-06-02 00:00:00
CARD00154	Y	PP	Meridian Primary	2025-05-09 00:00:00
CARD00295	Y	CR	Meridian Primary	2024-01-28 00:00:00
CARD00096	Y	CR	Meridian Primary	2021-09-22 00:00:00
CARD00070	N	PP	Meridian Affiliate	2021-01-28 00:00:00
CARD00182	Y	DB	Meridian Primary	2025-05-08 00:00:00
CARD00414	Y	DB	Meridian Primary	2020-10-15 00:00:00
CARD00392	Y	DB	Meridian Primary	2022-07-19 00:00:00
CARD00054	Y	DB	Meridian Direct	2021-05-30 00:00:00
CARD00577	Y	CR	Meridian Primary	2023-09-19 00:00:00
CARD00160	Y	DB	Meridian Direct	2021-09-29 00:00:00
CARD00118	Y	PP	Meridian Primary	2025-05-12 00:00:00
CARD00293	N	DB	Meridian Direct	2025-05-28 00:00:00
CARD00754	Y	DB	Meridian Primary	2024-11-25 00:00:00
CARD00165	Y	CR	Meridian Primary	2023-01-17 00:00:00
CARD00275	Y	PP	Meridian Primary	2025-11-22 00:00:00
CARD00546	Y	CR	Meridian Primary	2024-04-13 00:00:00
CARD00294	Y	CR	Meridian Primary	2023-06-24 00:00:00
CARD99612	Y	CR	Meridian Direct	2025-02-04 00:00:00
CARD00485	Y	CR	Meridian Primary	2025-04-19 00:00:00
CARD00517	Y	CR	Meridian Primary	2025-12-12 00:00:00
CARD00489	N	CR	Meridian Affiliate	2023-07-12 00:00:00
CARD00755	Y	CR	Meridian Primary	2021-12-12 00:00:00
CARD00588	Y	CR	Meridian Primary	2023-02-21 00:00:00
CARD00598	Y	CR	Meridian Primary	2025-07-01 00:00:00
CARD00345	Y	CR	Meridian Primary	2025-01-07 00:00:00
CARD00763	Y	DB	Meridian Affiliate	2023-06-28 00:00:00
CARD00125	Y	CR	Meridian Primary	2020-12-09 00:00:00
CARD00679	Y	DB	Meridian Affiliate	2021-12-22 00:00:00
CARD00266	Y	DB	Meridian Direct	2025-12-15 00:00:00
CARD00311	Y	DB	Meridian Primary	2023-05-27 00:00:00
CARD00555	Y	CR	Meridian Direct	2022-04-07 00:00:00
CARD00782	Y	CR	Meridian Primary	2020-09-27 00:00:00
CARD00476	Y	CR	Meridian Affiliate	2023-08-15 00:00:00
CARD00354	Y	DB	Meridian Primary	2023-12-01 00:00:00
CARD00669	N	DB	Meridian Primary	2021-10-31 00:00:00
CARD00503	Y	CR	Meridian Primary	2020-05-17 00:00:00
CARD00382	Y	CR	Meridian Direct	2023-10-20 00:00:00
CARD00169	Y	DB	Meridian Primary	2021-05-14 00:00:00
CARD00698	N	CR	Meridian Primary	2024-04-08 00:00:00
CARD00100	Y	CR	Meridian Primary	2025-07-24 00:00:00
CARD00078	Y	DB	Meridian Primary	2022-11-23 00:00:00
CARD00084	Y	CR	Meridian Primary	2025-02-13 00:00:00
CARD00452	Y	CR	Meridian Primary	2023-08-04 00:00:00
CARD00422	Y	CR	Meridian Direct	2025-10-27 00:00:00
CARD00418	Y	DB	Meridian Primary	2021-03-28 00:00:00
CARD00205	Y	DB	Meridian Primary	2024-12-25 00:00:00
CARD00248	Y	CR	Meridian Affiliate	2021-08-22 00:00:00
CARD00079	Y	CR	Meridian Primary	2025-08-14 00:00:00
CARD00131	Y	CR	Meridian Primary	2022-02-16 00:00:00
CARD00342	Y	CR	Meridian Primary	2025-06-19 00:00:00
CARD00174	N	CR	Meridian Primary	2024-06-28 00:00:00
CARD00639	Y	CR	Meridian Primary	2025-03-20 00:00:00
CARD99571	N	CR	Meridian Primary	2025-08-11 00:00:00
CARD00218	Y	DB	Meridian Direct	2023-04-08 00:00:00
CARD00527	Y	CR	Meridian Primary	2021-12-22 00:00:00
CARD00589	Y	PP	Meridian Primary	2024-12-10 00:00:00
CARD00484 	Y	CR	Meridian Primary	2025-01-10 00:00:00
CARD00323	Y	DB	Meridian Primary	2022-05-17 00:00:00
CARD00012	Y	DB	Meridian Affiliate	2023-11-03 00:00:00
CARD00055	Y	CR	Meridian Primary	2019-12-26 00:00:00
CARD00159	N	CR	Meridian Primary	2025-01-09 00:00:00
CARD00542	Y	CR	Meridian Primary	2023-01-12 00:00:00
CARD00607	Y	DB	Meridian Primary	2023-01-11 00:00:00
CARD00380	Y	CR	Meridian Primary	2025-07-30 00:00:00
CARD00035	N	CR	Meridian Affiliate	2021-10-26 00:00:00
CARD00596	Y	DB	Meridian Primary	2023-06-04 00:00:00
CARD00388	Y	CR	Meridian Primary	2020-09-28 00:00:00
  CARD00045	Y	CR	Meridian Primary	2025-12-16 00:00:00
  CARD00280	Y	PP	Meridian Direct	2022-02-24 00:00:00
CARD00693	Y	CR	Meridian Primary	2024-04-26 00:00:00
CARD00251	Y	DB	Meridian Primary	2025-12-13 00:00:00
CARD00441	Y	DB	Meridian Affiliate	2025-08-09 00:00:00
CARD00256	Y	CR	Meridian Primary	2021-10-05 00:00:00
CARD00148	Y	PP	Meridian Primary	2020-10-18 00:00:00
CARD00623  	Y	CR	Meridian Primary	2024-02-20 00:00:00
CARD00511	N	CR	Meridian Primary	2021-01-02 00:00:00
CARD00524	Y	CR	Meridian Direct	2020-01-04 00:00:00
CARD00664	Y	DB	Meridian Primary	2022-01-21 00:00:00
CARD00117	Y	CR	Meridian Direct	2025-08-04 00:00:00
CARD00727	Y	CR	Meridian Primary	2022-11-08 00:00:00
CARD00576	Y	DB	Meridian Affiliate	2025-11-20 00:00:00
  CARD00666	N	CR	Meridian Primary	2019-11-28 00:00:00
CARD00147	Y	CR	Meridian Primary	2022-05-28 00:00:00
CARD99688	N	CR	Meridian Direct	2025-05-27 00:00:00
CARD00407	Y	DB	Meridian Primary	2025-12-24 00:00:00
CARD00686	N	CR	Meridian Primary	2021-08-18 00:00:00
CARD00775	Y	CR	Meridian Direct	2021-07-18 00:00:00
CARD00189	Y	CR	Meridian Primary	2025-09-19 00:00:00
  CARD00042	Y	DB	Meridian Primary	2019-10-12 00:00:00
CARD00391	Y	CR	Meridian Affiliate	2020-10-21 00:00:00
CARD00348	Y	DB	Meridian Affiliate	2024-10-21 00:00:00
CARD00062	Y	CR	Meridian Primary	2024-09-07 00:00:00
CARD00263	Y	DB	Meridian Primary	2023-12-12 00:00:00
CARD00259	Y	CR	Meridian Primary	2025-09-23 00:00:00
CARD00184	Y	CR	Meridian Direct	2024-10-06 00:00:00
CARD00428	Y	CR	Meridian Direct	2025-11-01 00:00:00
CARD99225	Y	PP	Meridian Direct	2025-12-04 00:00:00
CARD00129	Y	DB	Meridian Primary	2023-10-19 00:00:00
CARD00737	Y	CR	Meridian Primary	2022-09-12 00:00:00
CARD00565	Y	DB	Meridian Primary	2020-08-25 00:00:00
CARD00099	Y	CR	Meridian Primary	2020-06-01 00:00:00
CARD99812	N	DB	Meridian Direct	2025-12-09 00:00:00
CARD00202	Y	CR	Meridian Primary	2025-10-15 00:00:00
CARD00430	Y	CR	Meridian Primary	2025-05-24 00:00:00
CARD00550	Y	CR	Meridian Direct	2024-09-03 00:00:00
CARD00566	Y	CR	Meridian Primary	2025-10-07 00:00:00
CARD00271	Y	CR	Meridian Direct	2020-11-22 00:00:00
CARD00445	Y	DB	Meridian Direct	2025-07-29 00:00:00
CARD00787	Y	DB	Meridian Primary	2024-03-26 00:00:00
CARD00286	Y	CR	Meridian Primary	2020-08-17 00:00:00
CARD00377	Y	DB	Meridian Direct	2025-04-08 00:00:00
CARD00203	Y	DB	Meridian Primary	2025-01-04 00:00:00
CARD00477	Y	CR	Meridian Primary	2024-07-01 00:00:00
CARD00467	Y	CR	Meridian Primary	2024-03-27 00:00:00
CARD00183	Y	CR	Meridian Affiliate	2022-04-19 00:00:00
CARD00291	Y	PP	Meridian Primary	2020-05-27 00:00:00
CARD00290	Y	CR	Meridian Primary	2025-11-10 00:00:00
CARD00379	Y	DB	Meridian Direct	2025-03-24 00:00:00
CARD00653	N	DB	Meridian Primary	2023-08-18 00:00:00
CARD00616	Y	PP	Meridian Affiliate	2024-07-14 00:00:00
CARD00475	Y	CR	Meridian Primary	2025-04-30 00:00:00
CARD00219	Y	PP	Meridian Primary	2023-04-17 00:00:00
CARD00435	Y	DB	Meridian Primary	2020-04-17 00:00:00
CARD00425	N	CR	Meridian Primary	2021-01-12 00:00:00
CARD00569	Y	CR	Meridian Affiliate	2025-08-16 00:00:00
CARD00646	Y	CR	Meridian Direct	2023-01-04 00:00:00
CARD00549	Y	PP	Meridian Primary	2021-12-22 00:00:00
CARD00212	Y	PP	Meridian Direct	2020-08-05 00:00:00
CARD00685	Y	CR	Meridian Affiliate	2025-02-24 00:00:00
CARD00305	Y	PP	Meridian Direct	2024-04-01 00:00:00
CARD00446	Y	DB	Meridian Affiliate	2025-04-24 00:00:00
CARD00571	Y	PP	Meridian Primary	2025-08-12 00:00:00
CARD00613	Y	CR	Meridian Primary	2025-08-31 00:00:00
CARD00652  	Y	DB	Meridian Primary	2024-10-06 00:00:00
CARD00282	Y	CR	Meridian Primary	2024-01-21 00:00:00
CARD00614	Y	CR	Meridian Primary	2025-11-18 00:00:00
CARD00529	Y	DB	Meridian Primary	2025-09-19 00:00:00
CARD00634	Y	DB	Meridian Primary	2023-11-27 00:00:00
CARD00557	Y	PP	Meridian Primary	2024-12-21 00:00:00
  CARD00480	Y	CR	Meridian Primary	2024-02-24 00:00:00
CARD00687	Y	CR	Meridian Primary	2025-12-14 00:00:00
CARD00630	Y	DB	Meridian Primary	2025-09-19 00:00:00
CARD00432	Y	CR	Meridian Direct	2023-07-19 00:00:00
CARD00300	Y	CR	Meridian Primary	2025-12-15 00:00:00
CARD00746	Y	CR	Meridian Affiliate	2024-01-02 00:00:00
CARD00583	Y	PP	Meridian Primary	2025-10-10 00:00:00
CARD00180	Y	DB	Meridian Primary	2022-07-21 00:00:00
CARD00498	Y	CR	Meridian Primary	2025-08-13 00:00:00
CARD00136	Y	CR	Meridian Primary	2023-03-18 00:00:00
CARD00648	Y	DB	Meridian Primary	2023-09-11 00:00:00
CARD00493	Y	DB	Meridian Primary	2023-08-04 00:00:00
CARD00526	Y	CR	Meridian Primary	2022-07-06 00:00:00
CARD00278	Y	DB	Meridian Primary	2021-02-27 00:00:00
CARD00289	Y	PP	Meridian Primary	2024-12-01 00:00:00
CARD00539	Y	CR	Meridian Primary	2023-10-11 00:00:00
CARD00544	Y	DB	Meridian Primary	2025-09-18 00:00:00
CARD00053	Y	CR	Meridian Affiliate	2025-08-09 00:00:00
CARD00721	Y	CR	Meridian Affiliate	2025-07-08 00:00:00
CARD00439	Y	PP	Meridian Direct	2025-09-30 00:00:00
CARD00431	Y	DB	Meridian Primary	2024-09-04 00:00:00
  CARD00663	Y	CR	Meridian Primary	2024-06-03 00:00:00
CARD00017	Y	DB	Meridian Primary	2021-09-09 00:00:00
CARD00677	N	DB	Meridian Primary	2023-11-04 00:00:00
CARD00233	Y	CR	Meridian Primary	2023-05-24 00:00:00
CARD00726	Y	CR	Meridian Direct	2021-06-06 00:00:00
CARD00591	Y	CR	Meridian Primary	2019-06-30 00:00:00
CARD00302	Y	PP	Meridian Primary	2025-12-28 00:00:00
CARD00236	N	DB	Meridian Direct	2025-04-20 00:00:00
CARD00387	Y	DB	Meridian Primary	2025-07-27 00:00:00
CARD00633	Y	CR	Meridian Primary	2024-11-06 00:00:00
CARD00072	Y	CR	Meridian Primary	2025-08-23 00:00:00
CARD00563	Y	DB	Meridian Primary	2021-01-31 00:00:00
CARD00201	Y	CR	Meridian Primary	2025-10-25 00:00:00
CARD00206	Y	DB	Meridian Primary	2025-05-03 00:00:00
CARD00747	Y	DB	Meridian Primary	2023-11-12 00:00:00
CARD00773	Y	DB	Meridian Primary	2020-08-25 00:00:00
CARD00285	Y	PP	Meridian Primary	2022-09-27 00:00:00
CARD00464	Y	CR	Meridian Primary	2024-11-30 00:00:00
CARD00337	Y	DB	Meridian Direct	2024-03-26 00:00:00
CARD00051	Y	CR	Meridian Affiliate	2022-10-19 00:00:00
CARD00102	Y	CR	Meridian Primary	2021-05-03 00:00:00
CARD00601	N	CR	Meridian Primary	2022-05-26 00:00:00
CARD00220	Y	CR	Meridian Direct	2020-07-24 00:00:00
CARD00366	Y	DB	Meridian Primary	2022-01-28 00:00:00
CARD00151	Y	DB	Meridian Primary	2023-10-21 00:00:00
CARD00675	Y	CR	Meridian Primary	2022-12-14 00:00:00
CARD00424	Y	PP	Meridian Primary	2022-10-15 00:00:00
CARD00426	Y	DB	Meridian Primary	2025-08-23 00:00:00
CARD00637	Y	CR	Meridian Primary	2025-12-12 00:00:00
CARD00026	Y	PP	Meridian Direct	2024-02-09 00:00:00
CARD00390	Y	DB	Meridian Direct	2025-09-01 00:00:00
CARD00799	Y	CR	Meridian Direct	2022-07-23 00:00:00
CARD00138	Y	PP	Meridian Direct	2019-12-28 00:00:00
CARD00269	Y	CR	Meridian Primary	2025-09-07 00:00:00
CARD00415	Y	DB	Meridian Primary	2020-12-21 00:00:00
CARD00793	Y	CR	Meridian Primary	2025-02-05 00:00:00
CARD00593	Y	CR	Meridian Primary	2021-07-29 00:00:00
CARD00172	Y	PP	Meridian Direct	2022-09-23 00:00:00
CARD00709	Y	DB	Meridian Primary	2020-01-05 00:00:00
CARD00235	Y	CR	Meridian Primary	2021-01-18 00:00:00
CARD00068	Y	CR	Meridian Direct	2025-03-20 00:00:00
CARD00459	Y	CR	Meridian Primary	2025-12-12 00:00:00
CARD00234	Y	CR	Meridian Primary	2022-04-10 00:00:00
CARD00104 	Y	DB	Meridian Primary	2025-11-14 00:00:00
CARD00106	N	DB	Meridian Primary	2025-09-02 00:00:00
CARD00659	Y	CR	Meridian Primary	2022-07-10 00:00:00
CARD00771	Y	DB	Meridian Primary	2025-08-21 00:00:00
CARD00655	Y	CR	Meridian Primary	2023-02-16 00:00:00
CARD00037	Y	PP	Meridian Primary	2023-04-02 00:00:00
CARD00013	Y	CR	Meridian Direct	2025-02-03 00:00:00
CARD00521  	Y	CR	Meridian Primary	2025-08-09 00:00:00
CARD00567	Y	DB	Meridian Primary	2021-04-06 00:00:00
CARD00058	Y	CR	Meridian Primary	2025-11-02 00:00:00
